{
    "accuracy": 0.9996285714285714,
    "report": {
        "Anger": {
            "precision": 0.9997999199679872,
            "recall": 0.9994,
            "f1-score": 0.9995999199839968,
            "support": 10000.0
        },
        "Anxiety": {
            "precision": 0.9998999199359487,
            "recall": 0.9991,
            "f1-score": 0.999499799919968,
            "support": 10000.0
        },
        "Depression": {
            "precision": 0.9997000599880024,
            "recall": 0.9999,
            "f1-score": 0.9998000199980002,
            "support": 10000.0
        },
        "Normal": {
            "precision": 0.9993998799759952,
            "recall": 0.9992,
            "f1-score": 0.9992999299929993,
            "support": 10000.0
        },
        "Personality disorder": {
            "precision": 1.0,
            "recall": 1.0,
            "f1-score": 1.0,
            "support": 10000.0
        },
        "Sadness": {
            "precision": 0.9988011988011988,
            "recall": 0.9998,
            "f1-score": 0.9993003498250874,
            "support": 10000.0
        },
        "Suicidal": {
            "precision": 0.9998000399920016,
            "recall": 1.0,
            "f1-score": 0.9999000099990001,
            "support": 10000.0
        },
        "accuracy": 0.9996285714285714,
        "macro avg": {
            "precision": 0.9996287169515906,
            "recall": 0.9996285714285715,
            "f1-score": 0.9996285756741503,
            "support": 70000.0
        },
        "weighted avg": {
            "precision": 0.9996287169515906,
            "recall": 0.9996285714285714,
            "f1-score": 0.9996285756741501,
            "support": 70000.0
        }
    },
    "classes": [
        "Anger",
        "Anxiety",
        "Depression",
        "Normal",
        "Personality disorder",
        "Sadness",
        "Suicidal"
    ]
}